State,County,2012_AQI,2013_AQI,2014_AQI,2015_AQI,2016_AQI,2017_AQI,2018_AQI,2019_AQI,2020_AQI,2021_AQI,Year,2022_AQI
Alabama,Baldwin,38,36,38,38,37,36,35,37,36,35,2022,37
Alabama,Clay,35,32,36,32,30,30,27,30,26,27,2022,26
Alabama,DeKalb,40,38,38,37,40,39,35,39,36,36,2022,37
Alabama,Elmore,40,36,36,35,40,35,33,39,31,32,2022,33
Alabama,Etowah,40,37,38,46,52,45,41,43,34,36,2022,39
Alabama,Jefferson,52,50,53,48,49,51,50,53,48,51,2022,49
Alabama,Lawrence,28,27,27,27,25,23,23,24,18,21,2022,22
Alabama,Madison,43,40,39,38,40,39,41,44,40,41,2022,40
Alabama,Mobile,38,39,41,40,42,37,38,43,42,44,2022,37
Alabama,Montgomery,43,39,40,45,42,45,52,52,52,37,2022,37
Alabama,Morgan,42,40,39,38,40,39,37,41,35,39,2022,40
Alabama,Russell,44,41,40,47,43,44,39,40,36,38,2022,40
Alabama,Shelby,43,39,40,39,41,38,38,42,34,35,2022,37
Alabama,Tuscaloosa,36,36,36,49,47,52,37,35,31,31,2022,34
Alaska,Aleutians East ,10,9,9,10,8,9,10,10,8,10,2022,9
Alaska,Anchorage ,31,24,28,28,31,22,24,27,22,22,2022,19
Alaska,Denali ,32,32,31,34,33,34,35,36,33,33,2022,34
Alaska,Fairbanks North Star ,38,44,52,54,37,38,34,38,33,35,2022,38
Alaska,Juneau ,21,19,24,21,20,15,23,20,14,15,2022,15
Alaska,Kenai Peninsula ,9,7,9,5,7,6,8,8,8,7,2022,7
Alaska,Matanuska-Susitna ,31,22,30,29,33,30,27,19,13,12,2022,10
Arizona,Apache,17,12,14,11,13,14,12,10,14,14,2022,11
Arizona,Cochise,48,48,47,44,44,44,44,45,45,45,2022,44
Arizona,Coconino,46,46,44,44,44,45,45,45,44,45,2022,44
Arizona,Gila,54,49,45,43,44,44,47,48,44,45,2022,45
Arizona,La Paz,49,48,44,42,41,43,44,44,44,45,2022,44
Arizona,Maricopa,70,67,67,64,64,71,71,65,112,122,2022,74
Arizona,Mohave,19,18,18,17,18,17,18,14,18,19,2022,17
Arizona,Navajo,45,46,44,39,43,44,44,44,43,44,2022,43
Arizona,Pima,51,49,48,45,49,53,49,47,53,53,2022,50
Arizona,Pinal,75,69,71,63,69,75,67,63,72,69,2022,61
Arizona,Santa Cruz,41,36,34,30,38,33,31,31,34,43,2022,34
Arizona,Yavapai,45,44,44,41,40,46,43,43,45,44,2022,40
Arizona,Yuma,46,44,47,43,46,45,45,45,44,46,2022,44
Arkansas,Arkansas,41,35,34,34,33,30,33,30,27,30,2022,30
Arkansas,Ashley,39,33,33,31,34,33,29,33,28,31,2022,29
Arkansas,Clark,35,33,33,33,34,34,31,32,29,32,2022,35
Arkansas,Crittenden,41,38,37,36,39,42,40,40,38,40,2022,40
Arkansas,Garland,43,36,35,34,36,34,31,38,29,34,2022,33
Arkansas,Jackson,36,35,34,31,30,30,31,34,26,29,2022,30
Arkansas,Newton,42,37,36,35,37,38,35,36,35,36,2022,37
Arkansas,Polk,44,42,38,38,40,40,38,39,36,38,2022,33
Arkansas,Pulaski,53,49,44,44,44,44,43,45,42,47,2022,43
Arkansas,Union,45,35,35,33,35,39,37,35,34,36,2022,35
Arkansas,Washington,43,42,39,37,38,44,42,43,39,41,2022,43
California,Alameda,41,50,43,46,44,49,51,41,43,45,2022,41
California,Amador,40,38,42,41,37,38,40,39,37,37,2022,36
California,Butte,53,54,52,52,52,57,54,46,51,48,2022,46
California,Calaveras,44,45,44,45,44,51,53,42,44,44,2022,39
California,Colusa,49,41,44,46,43,40,42,39,38,46,2022,41
California,Contra Costa,39,46,45,44,40,46,48,40,41,42,2022,43
California,Del Norte,10,13,12,15,20,20,25,20,32,23,2022,22
California,El Dorado,45,45,45,44,45,45,45,43,43,43,2022,43
California,Fresno,80,87,81,80,74,74,74,60,74,67,2022,71
California,Glenn,43,44,41,44,43,43,36,40,43,39,2022,41
California,Humboldt,36,35,43,36,35,35,34,27,29,28,2022,24
California,Imperial,52,56,67,63,60,61,62,58,58,58,2022,58
California,Inyo,48,46,47,48,44,48,48,47,52,58,2022,57
California,Kern,84,89,97,84,80,84,84,67,81,84,2022,80
California,Kings,66,77,71,71,70,70,69,56,67,61,2022,67
California,Lake,35,33,37,36,33,35,33,31,32,33,2022,32
California,Los Angeles,84,77,80,79,75,77,77,71,83,77,2022,72
California,Madera,64,71,67,63,59,58,56,50,61,56,2022,51
California,Marin,35,40,43,36,32,38,36,33,33,34,2022,33
California,Mariposa,54,51,49,46,46,49,50,47,47,47,2022,46
California,Mendocino,33,28,38,38,33,39,37,33,34,38,2022,45
California,Merced,53,58,60,58,53,54,51,48,53,50,2022,52
California,Mono,17,19,15,14,18,18,23,27,40,21,2022,21
California,Monterey,37,38,37,37,36,39,38,37,36,37,2022,37
California,Nevada,42,48,46,47,44,49,44,44,41,45,2022,48
California,Orange,55,53,59,56,54,54,50,48,51,49,2022,47
California,Placer,49,51,52,45,44,43,41,45,54,54,2022,50
California,Plumas,36,42,41,50,32,35,35,25,49,63,2022,48
California,Riverside,94,87,93,87,82,87,87,77,87,87,2022,77
California,Sacramento,52,54,51,54,49,56,54,46,52,50,2022,50
California,San Benito,41,43,42,39,39,40,41,38,39,40,2022,41
California,San Bernardino,90,84,80,83,83,84,88,80,93,87,2022,77
California,San Diego,64,66,61,61,66,65,64,64,71,64,2022,59
California,San Francisco,36,38,34,35,36,38,37,36,36,36,2022,33
California,San Joaquin,56,57,54,56,55,50,54,44,48,51,2022,46
California,San Luis Obispo,53,59,55,53,51,54,49,46,48,48,2022,51
California,San Mateo,36,38,34,32,37,37,36,35,35,33,2022,33
California,Santa Barbara,47,46,47,45,44,44,47,43,42,41,2022,43
California,Santa Clara,45,48,41,43,40,44,44,41,44,44,2022,44
California,Santa Cruz,34,38,35,35,32,35,36,35,34,34,2022,32
California,Shasta,44,42,43,44,41,44,43,42,41,45,2022,44
California,Siskiyou,37,37,37,36,27,26,41,36,36,40,2022,39
California,Solano,41,44,43,44,40,44,42,40,41,40,2022,40
California,Sonoma,37,36,37,35,32,38,36,33,33,33,2022,32
California,Stanislaus,63,61,58,59,55,58,54,49,55,58,2022,54
California,Sutter,48,48,51,49,53,51,54,44,48,54,2022,48
California,Tehama,47,43,44,45,44,40,45,41,43,44,2022,43
California,Trinity,45,27,9,9,38,51,44,18,27,29,2022,26
California,Tulare,80,84,84,78,77,80,77,66,79,80,2022,76
California,Tuolumne,42,43,46,43,44,44,43,43,41,41,2022,37
California,Ventura,54,51,53,50,51,53,52,46,47,48,2022,47
California,Yolo,44,41,41,44,40,43,43,41,42,39,2022,40
Colorado,Adams,48,47,46,45,44,48,49,47,47,48,2022,49
Colorado,Alamosa,23,19,19,17,18,19,19,9,10,9,2022,8
Colorado,Arapahoe,48,46,44,45,44,46,45,46,45,46,2022,46
Colorado,Archuleta,19,17,17,17,17,36,38,31,43,45,2022,42
Colorado,Boulder,48,45,44,44,35,45,46,47,47,48,2022,45
Colorado,Clear Creek,90,77,47,48,47,50,51,46,47,48,2022,47
Colorado,Delta,21,19,21,16,16,19,35,41,41,42,2022,44
Colorado,Denver,52,49,50,52,52,50,51,51,50,52,2022,49
Colorado,Douglas,48,44,44,44,44,47,46,46,46,47,2022,45
Colorado,El Paso,48,47,44,44,44,46,46,45,45,47,2022,45
Colorado,Fremont,15,16,15,11,14,11,15,13,11,15,2022,12
Colorado,Garfield,61,46,44,45,47,47,48,44,46,47,2022,40
Colorado,Gunnison,46,45,44,44,44,45,47,45,44,45,2022,45
Colorado,Jackson,40,42,40,38,6,5,7,6,5,5,2022,40
Colorado,Jefferson,48,47,46,45,46,47,46,46,46,47,2022,47
Colorado,La Plata,48,47,44,43,46,45,45,44,44,47,2022,46
Colorado,Larimer,54,49,49,49,50,49,50,48,48,50,2022,49
Colorado,Mesa,48,47,46,45,46,47,46,44,44,44,2022,43
Colorado,Montezuma,47,46,44,44,44,44,44,46,44,44,2022,44
Colorado,Pitkin,29,44,11,11,12,13,14,10,11,12,2022,13
Colorado,Prowers,23,18,19,14,17,17,16,14,17,19,2022,18
Colorado,Pueblo,24,22,23,19,20,22,23,20,19,21,2022,20
Colorado,Rio Blanco,46,47,44,43,43,44,45,44,42,45,2022,46
Colorado,Routt,15,15,15,13,15,15,15,13,14,15,2022,13
Colorado,San Juan,10,9,8,6,6,7,8,7,7,7,2022,8
Colorado,San Miguel,44,47,45,44,44,43,46,11,12,14,2022,13
Colorado,Weld,48,46,45,47,45,47,50,45,48,49,2022,49
Connecticut,Fairfield,44,48,48,46,45,42,41,43,44,42,2022,42
Connecticut,Hartford,42,46,44,45,41,41,37,39,39,37,2022,38
Connecticut,Litchfield,40,41,41,39,38,36,36,37,38,37,2022,39
Connecticut,Middlesex,44,43,43,43,44,40,40,41,39,39,2022,40
Connecticut,New Haven,48,51,44,45,44,40,40,41,42,40,2022,41
Connecticut,New London,43,46,40,36,34,34,35,37,37,36,2022,35
Connecticut,Tolland,44,41,41,39,41,39,38,42,39,39,2022,39
Connecticut,Windham,34,36,34,35,35,34,34,36,35,34,2022,35
Country Of Mexico,BAJA CALIFORNIA NORTE,35,27,65,73,63,63,73,72,115,65,2022,61
Delaware,Kent,41,41,42,41,39,39,38,42,36,38,2022,39
Delaware,New Castle,49,45,49,48,44,44,42,43,40,43,2022,43
Delaware,Sussex,40,40,43,42,41,41,40,42,38,38,2022,40
District Of Columbia,District of Columbia,56,48,47,47,47,51,44,44,40,44,2022,42
Florida,Alachua,36,35,35,34,37,37,33,35,36,34,2022,36
Florida,Baker,33,31,33,32,34,33,31,33,35,35,2022,36
Florida,Bay,38,38,40,37,38,40,37,38,40,39,2022,39
Florida,Brevard,40,37,39,37,39,39,37,36,39,40,2022,39
Florida,Broward,38,36,38,34,41,43,40,40,40,42,2022,41
Florida,Citrus,27,27,26,24,34,35,32,30,32,33,2022,34
Florida,Collier,37,34,36,33,37,36,36,34,36,36,2022,36
Florida,Columbia,36,39,34,35,38,38,34,38,36,37,2022,38
Florida,Duval,38,38,43,38,42,40,41,43,42,43,2022,44
Florida,Escambia,41,41,42,40,41,39,37,40,42,41,2022,43
Florida,Flagler,35,33,35,33,35,33,32,34,31,33,2022,34
Florida,Hamilton,36,34,38,32,33,34,33,33,34,35,2022,35
Florida,Highlands,34,31,32,31,33,32,31,36,31,33,2022,33
Florida,Hillsborough,44,43,44,44,44,44,42,42,43,44,2022,43
Florida,Holmes,37,38,39,37,40,39,35,40,38,38,2022,39
Florida,Indian River,37,37,37,34,39,38,36,36,37,36,2022,33
Florida,Lake,35,33,33,34,37,35,33,35,32,34,2022,35
Florida,Lee,38,36,38,36,38,37,35,36,36,36,2022,37
Florida,Leon,40,37,43,40,40,40,36,38,40,39,2022,39
Florida,Liberty,32,29,32,31,33,31,31,33,31,32,2022,32
Florida,Manatee,36,34,36,34,36,35,34,36,33,32,2022,33
Florida,Marion,39,37,39,35,38,38,35,38,39,37,2022,38
Florida,Martin,39,29,37,35,38,37,37,35,36,38,2022,36
Florida,Miami-Dade,43,40,43,40,43,42,41,38,39,41,2022,38
Florida,Okaloosa,33,32,35,33,36,35,33,36,34,33,2022,39
Florida,Orange,39,37,39,38,40,42,36,36,34,33,2022,38
Florida,Osceola,35,34,33,32,35,34,33,34,32,33,2022,34
Florida,Palm Beach,41,37,38,37,41,42,38,35,38,38,2022,37
Florida,Pasco,38,36,35,37,37,37,35,36,35,35,2022,37
Florida,Pinellas,41,40,40,38,40,41,38,40,40,40,2022,41
Florida,Polk,41,37,40,37,39,40,35,36,37,39,2022,38
Florida,Putnam,17,14,14,13,14,15,14,17,14,16,2022,16
Florida,Santa Rosa,40,38,40,38,38,41,38,39,40,38,2022,39
Florida,Sarasota,44,40,40,40,40,40,37,37,38,39,2022,40
Florida,Seminole,36,34,35,34,38,37,36,37,36,37,2022,37
Florida,Volusia,39,37,39,36,38,38,36,37,38,40,2022,39
Florida,Wakulla,35,34,35,36,36,36,34,35,35,35,2022,36
Georgia,Bibb,47,43,47,41,42,40,35,39,35,40,2022,38
Georgia,Charlton,27,24,25,24,23,21,20,20,19,19,2022,19
Georgia,Chatham,41,38,42,36,37,37,36,38,37,41,2022,39
Georgia,Chattooga,39,37,36,36,42,36,35,40,32,33,2022,35
Georgia,Clarke,43,40,42,38,40,38,39,44,36,41,2022,43
Georgia,Clayton,44,40,43,39,34,38,33,36,28,33,2022,31
Georgia,Cobb,46,43,41,42,44,40,39,42,35,39,2022,38
Georgia,Coffee,35,32,35,28,31,31,22,26,25,26,2022,27
Georgia,Columbia,43,37,40,37,40,37,36,39,31,33,2022,34
Georgia,Dawson,40,35,37,38,42,36,35,37,31,36,2022,35
Georgia,DeKalb,56,48,51,50,51,44,40,44,38,41,2022,42
Georgia,Dougherty,38,43,45,42,36,38,30,40,37,39,2022,38
Georgia,Douglas,43,36,41,37,43,39,37,40,32,38,2022,38
Georgia,Floyd,64,52,54,40,37,44,40,45,31,29,2022,28
Georgia,Fulton,48,41,44,49,48,48,44,49,43,44,2022,44
Georgia,Glynn,35,33,37,34,35,35,34,36,31,34,2022,38
Georgia,Gwinnett,45,40,41,40,42,42,43,45,37,42,2022,40
Georgia,Hall,45,42,47,48,30,36,30,37,33,34,2022,35
Georgia,Henry,43,38,40,36,40,39,34,37,32,35,2022,36
Georgia,Houston,43,38,46,35,33,35,34,38,35,37,2022,34
Georgia,Lowndes,51,36,38,38,33,38,37,35,30,35,2022,36
Georgia,Murray,42,38,38,37,43,39,37,42,34,37,2022,38
Georgia,Muscogee,43,39,41,38,40,40,34,40,35,36,2022,40
Georgia,Pike,41,36,37,35,40,39,33,37,33,36,2022,35
Georgia,Richmond,44,40,43,39,39,42,39,45,42,43,2022,40
Georgia,Rockdale,36,31,34,31,44,39,36,43,34,39,2022,39
Georgia,Sumter,40,36,38,34,39,35,34,39,32,35,2022,35
Georgia,Walker,46,41,41,39,38,38,35,37,30,43,2022,43
Georgia,Washington,35,36,40,32,29,32,28,29,32,38,2022,41
Hawaii,Hawaii,60,56,52,58,61,53,47,16,17,19,2022,25
Hawaii,Honolulu,33,30,29,34,31,29,29,27,26,26,2022,27
Hawaii,Kauai,27,15,18,14,14,12,15,13,11,13,2022,10
Hawaii,Maui,25,28,22,25,21,21,19,15,15,15,2022,15
Idaho,Ada,39,36,40,40,38,43,40,38,40,43,2022,45
Idaho,Bannock,33,31,24,27,28,30,23,20,37,41,2022,39
Idaho,Benewah,26,30,35,46,33,43,42,37,32,38,2022,37
Idaho,Bonner,8,12,10,21,20,28,29,21,25,28,2022,26
Idaho,Butte,42,42,39,40,39,42,40,40,40,42,2022,42
Idaho,Canyon,17,21,15,27,38,31,28,25,33,36,2022,37
Idaho,Custer,9,7,7,6,8,5,5,6,5,6,2022,5
Idaho,Franklin,31,23,19,21,25,28,19,18,20,21,2022,17
Idaho,Lemhi,44,38,40,38,38,28,29,23,35,35,2022,33
Idaho,Shoshone,33,52,37,43,35,38,43,29,30,37,2022,32
Illinois,Adams,35,37,37,40,36,41,35,41,38,40,2022,39
Illinois,Champaign,39,37,38,42,39,41,42,42,39,38,2022,40
Illinois,Clark,43,38,39,39,38,39,32,34,31,34,2022,34
Illinois,Cook,57,54,55,53,51,50,54,53,53,54,2022,48
Illinois,DuPage,44,40,38,39,40,41,45,42,41,44,2022,41
Illinois,Effingham,46,41,38,40,39,43,39,40,37,37,2022,38
Illinois,Hamilton,49,41,41,38,39,41,40,43,40,40,2022,39
Illinois,Jersey,49,41,39,40,40,43,42,42,39,40,2022,40
Illinois,Jo Daviess,36,37,35,34,33,34,33,34,32,36,2022,34
Illinois,Kane,31,30,33,35,35,38,38,40,39,42,2022,40
Illinois,Lake,34,34,35,35,34,35,35,40,39,42,2022,39
Illinois,Macon,45,41,41,40,40,43,44,43,40,43,2022,41
Illinois,Macoupin,36,39,38,38,39,40,36,33,31,31,2022,33
Illinois,Madison,53,50,47,44,44,46,46,49,47,51,2022,46
Illinois,McHenry,43,38,37,43,37,40,42,44,40,42,2022,40
Illinois,McLean,38,37,36,37,38,41,44,44,41,41,2022,42
Illinois,Peoria,48,44,41,42,41,44,43,41,40,43,2022,42
Illinois,Randolph,38,38,44,39,39,44,41,40,38,40,2022,41
Illinois,Rock Island,31,32,34,36,33,40,40,42,38,43,2022,40
Illinois,Saint Clair,44,44,41,41,40,39,44,43,36,44,2022,44
Illinois,Sangamon,37,35,33,34,35,40,43,40,39,38,2022,40
Illinois,Will,35,36,42,45,40,40,43,43,42,44,2022,41
Illinois,Winnebago,33,31,34,35,34,35,35,42,39,43,2022,39
Indiana,Allen,55,44,49,43,40,42,43,43,39,37,2022,35
Indiana,Boone,49,43,42,42,40,39,34,35,32,33,2022,36
Indiana,Carroll,47,43,41,43,39,39,32,35,31,34,2022,34
Indiana,Clark,50,47,48,44,42,38,36,41,42,43,2022,43
Indiana,Delaware,45,39,38,36,39,39,35,35,35,36,2022,37
Indiana,Dubois,43,45,43,35,33,32,31,33,33,33,2022,32
Indiana,Elkhart,48,47,53,42,39,38,38,37,36,39,2022,38
Indiana,Floyd,46,44,51,44,40,41,34,35,32,34,2022,33
Indiana,Greene,48,44,43,41,40,42,37,39,34,37,2022,37
Indiana,Hamilton,48,39,40,37,41,40,40,41,38,39,2022,39
Indiana,Hendricks,45,38,36,35,40,38,33,34,32,33,2022,34
Indiana,Henry,35,37,36,28,28,28,31,28,29,28,2022,25
Indiana,Knox,39,36,34,34,35,36,35,36,33,36,2022,36
Indiana,LaPorte,45,45,44,40,36,40,36,37,37,37,2022,36
Indiana,Lake,54,53,56,47,40,42,45,44,44,47,2022,44
Indiana,Madison,47,44,43,38,38,41,41,41,39,43,2022,42
Indiana,Marion,59,56,53,51,48,47,49,53,48,53,2022,50
Indiana,Monroe,33,34,33,30,25,27,36,33,31,33,2022,28
Indiana,Perry,49,42,45,43,41,40,35,37,34,36,2022,36
Indiana,Porter,50,44,48,41,38,41,41,40,39,40,2022,40
Indiana,Posey,43,41,43,40,39,42,34,35,31,32,2022,33
Indiana,Shelby,49,44,42,39,39,41,34,36,32,33,2022,36
Indiana,Spencer,41,40,40,34,32,32,31,31,32,31,2022,32
Indiana,St. Joseph,52,51,45,45,41,40,42,41,41,45,2022,44
Indiana,Tippecanoe,54,52,34,38,30,36,34,33,39,33,2022,27
Indiana,Vanderburgh,52,48,51,46,41,42,41,41,39,42,2022,44
Indiana,Vigo,49,45,46,44,41,44,42,45,40,42,2022,41
Indiana,Wabash,37,35,36,35,35,35,35,37,35,35,2022,37
Indiana,Warrick,49,44,44,42,42,42,35,36,33,35,2022,37
Indiana,Whitley,33,45,39,39,30,33,31,33,39,35,2022,33
Iowa,Black Hawk,40,42,50,49,38,45,42,31,32,35,2022,33
Iowa,Bremer,43,38,37,36,33,36,37,37,35,40,2022,37
Iowa,Cerro Gordo,19,18,16,16,15,15,16,15,18,19,2022,17
Iowa,Clinton,55,54,50,49,52,52,43,42,39,47,2022,42
Iowa,Harrison,46,42,38,40,37,39,39,38,37,39,2022,40
Iowa,Johnson,46,42,35,36,33,33,38,35,35,39,2022,33
Iowa,Lee,40,40,36,33,32,32,34,29,30,32,2022,30
Iowa,Linn,46,44,43,41,40,39,44,39,40,44,2022,41
Iowa,Montgomery,44,42,41,38,38,40,39,37,35,37,2022,36
Iowa,Muscatine,46,52,43,38,37,38,41,32,30,34,2022,32
Iowa,Palo Alto,42,41,40,40,36,40,42,38,36,39,2022,37
Iowa,Polk,44,42,38,36,37,40,40,39,36,40,2022,38
Iowa,Pottawattamie,43,35,35,32,29,32,33,29,31,33,2022,28
Iowa,Scott,55,55,56,56,55,51,52,45,44,48,2022,41
Iowa,Van Buren,44,43,41,40,43,41,38,37,36,39,2022,38
Iowa,Woodbury,35,31,29,28,29,28,33,28,29,31,2022,27
Kansas,Chase,26,26,25,20,18,21,23,20,18,20,2022,19
Kansas,Ford,12,6,7,13,16,16,17,15,11,17,2022,19
Kansas,Johnson,40,39,35,35,35,38,36,36,36,40,2022,40
Kansas,Leavenworth,38,36,35,34,35,34,33,33,32,34,2022,37
Kansas,Neosho,19,14,40,35,36,37,37,40,39,42,2022,44
Kansas,Sedgwick,45,42,42,40,40,43,41,39,38,43,2022,46
Kansas,Shawnee,41,39,38,36,36,39,42,41,39,42,2022,41
Kansas,Sherman,21,19,15,18,20,15,14,12,13,17,2022,18
Kansas,Sumner,40,40,40,37,37,38,36,39,40,44,2022,44
Kansas,Trego,41,40,40,41,38,35,38,36,37,42,2022,38
Kansas,Wyandotte,49,47,46,45,40,43,42,41,44,44,2022,43
Kentucky,Bell,46,39,41,38,39,39,39,39,33,43,2022,42
Kentucky,Boone,43,38,37,39,38,38,38,39,36,39,2022,41
Kentucky,Boyd,41,38,39,41,42,40,38,39,36,37,2022,38
Kentucky,Bullitt,43,37,38,39,39,39,38,41,37,37,2022,40
Kentucky,Campbell,46,42,43,43,44,42,40,40,39,38,2022,38
Kentucky,Carter,41,39,37,36,37,36,33,36,31,34,2022,34
Kentucky,Christian,46,42,42,41,39,40,39,39,38,42,2022,40
Kentucky,Daviess,44,41,39,43,44,43,40,43,38,41,2022,40
Kentucky,Edmonson,42,38,38,36,36,41,38,41,33,35,2022,37
Kentucky,Fayette,45,43,41,39,39,39,40,42,38,38,2022,40
Kentucky,Greenup,46,37,39,38,37,36,36,37,33,34,2022,36
Kentucky,Hancock,44,40,41,41,39,40,38,42,37,38,2022,40
Kentucky,Hardin,44,44,42,44,43,42,40,39,38,38,2022,39
Kentucky,Jefferson,54,53,52,49,48,46,47,49,45,45,2022,46
Kentucky,Jessamine,43,40,41,40,41,40,39,43,37,38,2022,40
Kentucky,Livingston,46,41,41,40,39,40,39,41,37,39,2022,41
Kentucky,McCracken,44,38,40,41,43,43,42,44,39,39,2022,40
Kentucky,Morgan,39,35,35,37,37,37,34,36,33,35,2022,35
Kentucky,Oldham,47,40,42,39,41,40,38,42,38,39,2022,41
Kentucky,Perry,46,37,39,36,41,40,38,39,34,36,2022,39
Kentucky,Pike,41,38,42,42,41,39,35,36,32,35,2022,33
Kentucky,Pulaski,42,40,41,37,39,39,38,40,36,39,2022,38
Kentucky,Simpson,43,38,39,39,40,40,38,40,36,37,2022,39
Kentucky,Trigg,40,36,36,36,36,37,35,37,34,35,2022,39
Kentucky,Warren,42,39,39,38,41,39,39,40,38,38,2022,39
Kentucky,Washington,42,38,37,37,38,38,35,39,34,36,2022,37
Louisiana,Ascension,37,32,34,34,36,34,31,33,31,31,2022,32
Louisiana,Bossier,41,43,42,41,39,38,35,34,36,41,2022,42
Louisiana,Caddo,42,40,37,38,36,37,37,37,34,36,2022,38
Louisiana,Calcasieu,41,43,41,44,44,45,44,44,41,43,2022,43
Louisiana,East Baton Rouge,47,45,46,50,48,43,42,42,38,38,2022,41
Louisiana,Iberville,39,38,37,34,39,39,36,37,36,38,2022,41
Louisiana,Jefferson,42,39,41,40,39,38,40,38,36,36,2022,40
Louisiana,Lafayette,45,45,46,44,40,41,40,41,40,37,2022,40
Louisiana,Lafourche,39,36,37,35,36,36,36,41,39,38,2022,37
Louisiana,Livingston,41,41,45,45,43,40,39,41,39,41,2022,42
Louisiana,Orleans,42,37,38,36,38,38,35,29,28,27,2022,29
Louisiana,Ouachita,51,56,40,32,36,34,32,34,32,34,2022,36
Louisiana,Pointe Coupee,41,37,34,32,33,32,31,33,32,32,2022,34
Louisiana,Rapides,52,44,41,27,34,31,31,30,26,28,2022,29
Louisiana,St. Bernard,49,40,44,44,40,38,41,43,39,41,2022,41
Louisiana,St. James,33,32,33,31,31,31,27,29,29,28,2022,32
Louisiana,St. John the Baptist,40,36,35,33,35,33,31,33,31,31,2022,33
Louisiana,St. Tammany,41,41,39,37,37,38,35,37,36,33,2022,36
Louisiana,Tangipahoa,34,28,30,29,28,31,28,30,26,29,2022,29
Louisiana,Terrebonne,28,28,29,26,28,28,27,28,27,26,2022,28
Louisiana,West Baton Rouge,47,38,40,37,39,40,38,39,37,38,2022,40
Maine,Androscoggin,33,34,38,36,32,38,31,31,29,30,2022,30
Maine,Aroostook,33,32,38,37,34,35,37,34,33,33,2022,32
Maine,Cumberland,36,40,37,38,35,37,37,39,38,35,2022,35
Maine,Hancock,35,37,35,37,36,37,37,36,35,36,2022,36
Maine,Kennebec,29,30,29,35,30,31,30,28,35,33,2022,29
Maine,Knox,34,38,34,36,33,35,36,36,31,35,2022,35
Maine,Oxford,31,30,31,33,31,36,34,30,33,32,2022,31
Maine,Penobscot,34,32,33,37,36,31,32,31,29,30,2022,30
Maine,Washington,32,34,33,33,32,35,36,34,33,33,2022,33
Maine,York,41,40,39,40,38,37,40,38,39,37,2022,38
Maryland,Anne Arundel,45,43,43,44,42,41,42,45,39,38,2022,38
Maryland,Baltimore,42,40,40,42,44,40,42,43,39,43,2022,42
Maryland,Baltimore (City),47,44,44,47,43,41,43,42,34,38,2022,40
Maryland,Calvert,45,42,44,44,42,43,39,39,35,39,2022,39
Maryland,Carroll,45,43,43,43,42,41,41,43,39,41,2022,42
Maryland,Cecil,45,43,43,44,42,42,40,39,34,40,2022,39
Maryland,Charles,45,40,44,44,42,44,39,40,34,38,2022,41
Maryland,Dorchester,39,40,43,42,40,42,38,41,35,39,2022,40
Maryland,Frederick,47,43,42,44,43,42,41,44,40,41,2022,41
Maryland,Garrett,43,42,41,40,38,40,37,37,36,37,2022,37
Maryland,Harford,48,44,44,43,41,43,39,44,38,42,2022,40
Maryland,Kent,48,40,41,44,38,42,39,40,33,37,2022,38
Maryland,Montgomery,45,40,42,45,38,38,42,39,33,39,2022,40
Maryland,Prince George's,48,44,44,50,43,41,39,43,37,39,2022,38
Maryland,Washington,47,43,43,44,42,41,38,40,37,40,2022,38
Massachusetts,Barnstable,36,36,35,34,36,37,36,36,35,36,2022,36
Massachusetts,Berkshire,44,45,44,34,27,35,33,37,36,37,2022,38
Massachusetts,Bristol,39,39,37,37,36,39,40,40,39,38,2022,37
Massachusetts,Dukes,37,36,35,31,35,37,37,38,36,36,2022,37
Massachusetts,Essex,42,41,39,37,37,38,38,37,37,35,2022,38
Massachusetts,Hampden,42,40,40,39,38,38,38,39,39,39,2022,38
Massachusetts,Hampshire,36,38,40,36,36,36,37,38,35,33,2022,38
Massachusetts,Middlesex,33,34,32,33,33,33,35,37,36,33,2022,35
Massachusetts,Norfolk,36,37,38,37,37,36,32,34,32,35,2022,38
Massachusetts,Plymouth,29,28,37,36,35,36,36,37,37,37,2022,38
Massachusetts,Suffolk,45,46,44,43,42,49,44,38,37,36,2022,35
Massachusetts,Worcester,41,40,39,37,38,38,38,40,38,39,2022,38
Michigan,Allegan,44,43,42,41,40,40,40,38,36,38,2022,37
Michigan,Bay,27,29,34,33,28,27,28,26,17,21,2022,24
Michigan,Benzie,43,40,39,39,38,39,38,36,36,36,2022,36
Michigan,Berrien,44,42,43,42,40,39,40,39,38,40,2022,39
Michigan,Cass,46,45,44,44,42,41,40,39,39,40,2022,38
Michigan,Clinton,44,41,41,39,41,38,39,35,34,37,2022,38
Michigan,Genesee,44,41,40,40,38,38,38,38,35,39,2022,39
Michigan,Huron,44,40,38,39,38,37,38,36,36,37,2022,35
Michigan,Ingham,37,37,39,40,39,37,37,35,34,40,2022,37
Michigan,Kalamazoo,45,42,42,41,38,40,40,38,38,42,2022,43
Michigan,Kent,44,41,42,40,39,39,39,36,36,42,2022,40
Michigan,Keweenaw,11,9,11,13,9,10,9,9,10,10,2022,9
Michigan,Lenawee,48,42,42,42,40,40,38,39,38,40,2022,39
Michigan,Macomb,44,41,41,43,42,39,39,38,36,43,2022,40
Michigan,Manistee,40,37,35,34,32,37,33,35,28,38,2022,35
Michigan,Mason,42,40,39,39,38,38,37,35,37,38,2022,36
Michigan,Missaukee,37,37,37,37,36,36,36,35,36,39,2022,38
Michigan,Monroe,41,35,38,33,30,28,13,16,17,19,2022,26
Michigan,Muskegon,43,42,41,42,41,39,40,38,37,40,2022,37
Michigan,Oakland,44,40,40,41,40,40,40,38,36,38,2022,38
Michigan,Ottawa,44,41,43,42,41,40,39,35,33,44,2022,39
Michigan,Schoolcraft,34,34,30,31,29,30,31,31,33,35,2022,31
Michigan,St. Clair,40,38,40,40,37,39,40,37,35,40,2022,38
Michigan,Tuscola,34,34,34,34,34,33,35,33,32,34,2022,34
Michigan,Washtenaw,40,37,43,42,40,40,40,39,38,40,2022,41
Michigan,Wayne,53,49,53,52,53,52,51,53,48,53,2022,53
Michigan,Wexford,33,34,35,35,34,35,35,34,33,34,2022,35
Minnesota,Anoka,42,41,38,37,35,38,40,37,35,39,2022,38
Minnesota,Becker,38,36,31,33,27,32,31,28,32,43,2022,32
Minnesota,Carlton,32,33,31,33,29,28,26,27,24,31,2022,23
Minnesota,Cook,19,22,18,20,14,18,18,17,10,7,2022,3
Minnesota,Crow Wing,35,31,31,33,29,32,27,28,28,33,2022,34
Minnesota,Dakota,31,27,25,31,27,30,31,28,30,30,2022,27
Minnesota,Goodhue,38,40,38,37,34,34,38,37,35,39,2022,38
Minnesota,Hennepin,33,37,41,45,41,46,44,42,38,39,2022,36
Minnesota,Lake,30,33,28,29,22,27,32,27,30,29,2022,29
Minnesota,Lyon,39,37,34,30,30,32,32,32,32,38,2022,36
Minnesota,Mille Lacs,33,34,31,33,30,33,30,32,33,36,2022,35
Minnesota,Olmsted,41,39,37,36,33,37,38,36,35,36,2022,37
Minnesota,Ramsey,35,32,37,33,29,31,34,30,30,30,2022,28
Minnesota,Saint Louis,36,39,38,36,32,35,35,34,36,35,2022,34
Minnesota,Scott,39,41,34,32,32,33,35,36,32,37,2022,37
Minnesota,Stearns,38,36,33,33,30,33,34,32,33,36,2022,36
Minnesota,Washington,41,41,38,40,34,40,44,34,33,35,2022,36
Minnesota,Winona,20,22,30,18,15,17,20,15,17,18,2022,17
Minnesota,Wright,39,34,35,32,31,35,37,34,34,39,2022,38
Mississippi,Bolivar,43,41,37,38,39,36,41,43,39,38,2022,38
Mississippi,DeSoto,44,40,40,39,40,39,40,39,37,38,2022,40
Mississippi,Forrest,41,38,39,38,35,34,37,35,36,38,2022,38
Mississippi,Hancock,38,38,37,35,37,38,35,37,38,37,2022,37
Mississippi,Harrison,39,39,42,38,37,38,38,41,42,38,2022,39
Mississippi,Hinds,44,44,51,45,43,43,44,44,44,43,2022,43
Mississippi,Jackson,33,31,32,33,35,33,38,39,39,38,2022,38
Mississippi,Lauderdale,43,33,36,32,37,34,37,36,31,31,2022,36
Mississippi,Lee,44,38,37,35,39,37,36,39,35,36,2022,40
Mississippi,Yalobusha,36,31,31,33,33,32,29,33,31,31,2022,34
Missouri,Andrew,46,42,39,40,40,42,42,40,38,39,2022,43
Missouri,Boone,45,42,38,38,37,41,40,38,33,37,2022,38
Missouri,Buchanan,42,45,41,38,33,37,36,33,33,34,2022,34
Missouri,Callaway,45,41,39,41,38,40,40,39,35,39,2022,40
Missouri,Cass,52,43,46,40,35,40,38,37,36,37,2022,38
Missouri,Cedar,47,40,40,35,36,38,39,39,36,38,2022,39
Missouri,Clay,46,44,40,41,38,40,39,40,35,39,2022,39
Missouri,Clinton,49,43,40,42,42,42,42,42,37,38,2022,41
Missouri,Greene,48,40,40,38,38,40,39,39,37,35,2022,43
Missouri,Jackson,43,40,40,38,38,41,36,38,40,45,2022,42
Missouri,Jasper,41,35,38,35,34,36,36,37,35,38,2022,41
Missouri,Jefferson,46,44,44,46,40,35,37,39,38,39,2022,41
Missouri,Lincoln,49,44,39,39,39,42,41,40,37,39,2022,41
Missouri,Monroe,32,35,34,31,32,37,35,35,31,32,2022,34
Missouri,Perry,48,42,40,41,42,44,39,40,36,39,2022,42
Missouri,Saint Charles,49,44,43,42,44,44,42,42,39,41,2022,42
Missouri,Saint Louis,50,48,44,44,40,45,44,43,40,39,2022,40
Missouri,Sainte Genevieve,44,44,43,39,39,44,40,38,36,39,2022,41
Missouri,St. Louis City,56,52,51,48,45,45,48,47,46,47,2022,48
Missouri,Stoddard,30,33,31,28,24,24,24,23,19,23,2022,23
Missouri,Taney,42,38,35,34,35,38,21,20,17,20,2022,19
Montana,Cascade,32,26,29,26,25,29,25,21,18,20,2022,17
Montana,Fergus,26,35,36,36,36,42,40,37,39,40,2022,40
Montana,Flathead,38,40,38,42,35,39,41,37,35,37,2022,39
Montana,Gallatin,25,24,25,22,25,23,25,25,22,31,2022,24
Montana,Lake,7,8,8,9,6,7,8,8,5,7,2022,8
Montana,Lewis and Clark,40,38,41,41,40,45,43,40,40,43,2022,43
Montana,Lincoln,38,35,31,41,33,43,47,36,40,49,2022,37
Montana,Missoula,61,55,43,49,53,61,48,40,47,50,2022,45
Montana,Phillips,30,32,33,34,33,32,36,34,35,35,2022,35
Montana,Powder River,41,39,37,39,37,41,38,38,40,41,2022,38
Montana,Powell,9,7,8,8,8,7,9,9,3,9,2022,9
Montana,Ravalli,27,27,23,21,26,31,18,14,11,21,2022,20
Montana,Richland,39,38,34,39,36,37,40,37,36,38,2022,37
Montana,Roosevelt,13,13,11,10,10,11,13,10,9,12,2022,10
Montana,Rosebud,42,39,38,38,38,39,38,36,37,41,2022,6
Montana,Sanders,9,12,12,16,11,27,28,25,23,32,2022,28
Montana,Sheridan,13,15,13,12,11,13,15,12,10,13,2022,12
Montana,Silver Bow,31,29,30,30,22,35,20,20,19,25,2022,22
Montana,Yellowstone,18,14,25,28,23,25,28,23,23,30,2022,24
Nebraska,Cass,27,22,22,24,22,22,15,13,14,19,2022,19
Nebraska,Douglas,53,44,41,42,39,44,43,37,35,38,2022,40
Nebraska,Hall,30,27,24,24,22,23,23,19,20,26,2022,20
Nebraska,Knox,38,36,35,36,35,36,34,35,35,37,2022,37
Nebraska,Lancaster,39,36,36,37,36,36,35,35,33,35,2022,37
Nebraska,Sarpy,40,40,32,33,32,38,35,29,29,31,2022,24
Nebraska,Scotts Bluff,47,20,18,21,19,23,22,19,27,15,2022,12
Nebraska,Thomas,18,14,14,14,11,12,16,12,11,15,2022,13
Nebraska,Washington,35,28,26,25,24,26,29,25,23,28,2022,14
Nevada,Carson City,48,47,44,43,42,44,44,41,41,41,2022,43
Nevada,Churchill,32,46,46,44,41,43,44,41,40,44,2022,39
Nevada,Clark,64,61,58,58,58,58,61,54,61,59,2022,63
Nevada,Douglas,14,33,28,30,26,20,15,13,17,18,2022,15
Nevada,Elko,22,19,32,29,19,24,19,14,18,18,2022,18
Nevada,Lyon,47,47,47,45,41,42,40,38,38,41,2022,39
Nevada,Nye,19,18,20,16,15,19,18,15,21,23,2022,22
Nevada,Washoe,56,54,51,49,46,49,48,46,46,49,2022,47
Nevada,White Pine,46,44,43,42,43,44,44,44,44,44,2022,44
New Hampshire,Belknap,37,31,32,32,33,32,32,31,30,28,2022,29
New Hampshire,Cheshire,36,38,39,38,36,35,35,34,35,35,2022,34
New Hampshire,Coos,45,44,43,45,44,43,44,40,43,42,2022,40
New Hampshire,Grafton,35,36,36,35,33,35,36,33,33,34,2022,34
New Hampshire,Hillsborough,38,38,38,38,37,37,36,37,36,36,2022,39
New Hampshire,Merrimack,37,35,31,33,31,32,38,36,38,36,2022,36
New Hampshire,Rockingham,39,43,44,41,38,38,37,37,38,37,2022,38
New Jersey,Atlantic,38,39,37,37,38,38,37,37,34,35,2022,33
New Jersey,Bergen,34,37,38,47,42,42,45,44,39,38,2022,38
New Jersey,Camden,45,44,44,47,45,45,44,44,40,42,2022,43
New Jersey,Cumberland,41,34,35,33,39,36,38,40,38,37,2022,36
New Jersey,Essex,44,41,42,38,40,39,38,41,39,40,2022,40
New Jersey,Gloucester,43,41,41,42,39,37,39,37,36,39,2022,41
New Jersey,Hudson,44,38,43,42,42,41,42,41,37,38,2022,39
New Jersey,Hunterdon,42,38,38,36,39,39,38,39,38,38,2022,39
New Jersey,Mercer,43,43,43,42,42,40,40,41,38,42,2022,41
New Jersey,Middlesex,41,37,39,36,40,38,38,40,37,39,2022,38
New Jersey,Monmouth,37,40,39,41,37,31,33,37,37,36,2022,38
New Jersey,Morris,36,37,38,36,34,35,34,36,35,36,2022,35
New Jersey,Ocean,40,40,39,39,37,37,35,38,35,38,2022,37
New Jersey,Passaic,38,37,38,39,39,38,37,39,36,37,2022,36
New Jersey,Union,44,44,45,44,42,43,42,42,38,43,2022,40
New Jersey,Warren,40,36,34,35,39,36,35,35,34,35,2022,37
New Mexico,Bernalillo,59,54,49,49,50,51,53,51,54,62,2022,60
New Mexico,Catron,13,10,10,10,9,9,8,9,10,10,2022,9
New Mexico,Chaves,25,22,22,17,17,18,21,16,17,18,2022,20
New Mexico,Dona Ana,54,57,50,51,54,57,57,51,53,55,2022,51
New Mexico,Eddy,44,45,40,43,44,45,47,47,46,47,2022,48
New Mexico,Lea,37,37,41,40,41,45,45,45,39,43,2022,44
New Mexico,Lincoln,15,15,13,11,10,11,11,10,11,11,2022,12
New Mexico,Los Alamos,14,10,10,10,8,9,10,9,10,11,2022,10
New Mexico,Luna,46,46,44,16,17,19,16,12,19,19,2022,17
New Mexico,Rio Arriba,12,44,44,42,44,45,46,43,44,44,2022,40
New Mexico,San Juan,48,46,44,44,44,47,47,49,45,46,2022,45
New Mexico,Sandoval,43,43,41,41,42,44,45,44,44,44,2022,43
New Mexico,Santa Fe,45,44,43,42,43,44,44,44,44,44,2022,44
New Mexico,Socorro,19,14,14,12,11,10,13,10,11,13,2022,11
New Mexico,Taos,17,15,14,13,12,12,23,15,20,21,2022,14
New Mexico,Valencia,44,44,42,43,43,44,45,44,44,43,2022,41
New York,Albany,37,39,37,37,36,37,38,37,38,36,2022,36
New York,Bronx,45,45,44,46,41,39,39,40,39,41,2022,40
New York,Chautauqua,40,36,38,38,37,37,36,38,35,37,2022,36
New York,Dutchess,32,33,34,33,34,32,31,34,35,34,2022,35
New York,Erie,44,42,43,45,41,39,40,38,37,39,2022,39
New York,Essex,40,39,38,39,39,39,41,42,38,40,2022,40
New York,Hamilton,34,34,33,33,34,34,33,35,34,33,2022,34
New York,Jefferson,32,34,32,32,34,34,33,35,33,32,2022,32
New York,Kings,39,30,30,32,28,28,25,27,23,32,2022,32
New York,Monroe,38,37,35,37,38,37,36,36,36,38,2022,37
New York,Nassau,35,32,27,26,23,24,21,22,20,24,2022,22
New York,New York,46,45,43,46,43,41,41,39,37,37,2022,38
New York,Niagara,43,35,35,36,39,35,34,35,34,34,2022,35
New York,Oneida,37,24,24,27,20,20,18,18,16,19,2022,20
New York,Onondaga,33,33,34,35,34,35,35,37,35,36,2022,35
New York,Orange,35,34,37,36,36,34,35,36,36,34,2022,33
New York,Oswego,34,33,31,32,34,34,32,34,33,34,2022,32
New York,Putnam,29,32,32,33,35,34,31,35,33,35,2022,34
New York,Queens,43,42,41,42,39,39,39,40,38,40,2022,41
New York,Richmond,42,42,41,43,40,38,37,37,36,37,2022,36
New York,Rockland,38,39,37,38,36,35,35,36,34,33,2022,35
New York,Saratoga,31,32,32,32,33,34,31,33,33,31,2022,32
New York,Steuben,34,31,33,34,36,34,32,35,34,35,2022,35
New York,Suffolk,40,41,41,41,40,39,39,40,37,39,2022,40
New York,Tompkins,37,35,35,35,36,35,33,35,34,35,2022,36
New York,Wayne,33,33,35,31,34,36,38,35,34,33,2022,33
New York,Westchester,39,39,40,38,37,37,34,36,36,36,2022,36
North Carolina,Alexander,44,40,40,43,39,38,40,39,33,41,2022,37
North Carolina,Avery,42,40,40,40,41,40,38,40,37,40,2022,38
North Carolina,Buncombe,40,36,37,36,38,39,35,38,31,35,2022,35
North Carolina,Caldwell,42,37,38,42,43,42,39,42,34,40,2022,40
North Carolina,Carteret,35,34,37,37,36,35,38,37,34,35,2022,35
North Carolina,Caswell,43,41,44,40,32,37,40,39,31,38,2022,39
North Carolina,Catawba,39,33,35,39,36,33,32,33,31,35,2022,33
North Carolina,Cumberland,42,39,43,41,41,43,38,41,35,41,2022,41
North Carolina,Davidson,43,40,43,45,35,35,37,35,32,35,2022,35
North Carolina,Durham,39,36,40,41,41,43,42,42,35,39,2022,38
North Carolina,Edgecombe,39,36,36,36,34,37,33,36,32,36,2022,35
North Carolina,Forsyth,44,43,47,43,42,43,44,45,40,43,2022,43
North Carolina,Graham,48,43,41,43,45,43,43,44,40,42,2022,43
North Carolina,Granville,42,38,43,44,41,43,42,44,36,38,2022,42
North Carolina,Guilford,43,39,44,41,42,42,40,42,36,40,2022,42
North Carolina,Haywood,49,44,44,44,44,44,44,45,41,43,2022,43
North Carolina,Hyde,22,22,23,21,20,18,19,18,15,16,2022,16
North Carolina,Johnston,40,35,40,39,40,40,39,40,36,39,2022,37
North Carolina,Lenoir,38,36,40,41,40,35,36,42,32,34,2022,39
North Carolina,Lincoln,46,40,42,44,44,42,41,44,35,42,2022,43
North Carolina,Macon,35,32,32,32,35,33,31,33,29,30,2022,31
North Carolina,Martin,37,43,43,39,36,38,34,40,33,32,2022,34
North Carolina,Mecklenburg,47,43,45,44,44,46,44,45,40,44,2022,44
North Carolina,Mitchell,33,32,31,29,28,25,20,22,20,23,2022,23
North Carolina,Montgomery,38,37,43,40,37,38,35,39,35,37,2022,39
North Carolina,New Hanover,37,40,39,33,31,34,30,34,31,34,2022,36
North Carolina,Person,41,37,39,42,40,41,40,44,34,41,2022,40
North Carolina,Pitt,39,35,39,39,38,39,35,38,33,34,2022,34
North Carolina,Rockingham,44,40,44,44,42,42,42,44,36,43,2022,41
North Carolina,Rowan,45,43,44,45,37,38,35,43,39,41,2022,43
North Carolina,Swain,41,37,38,36,40,38,36,37,33,37,2022,37
North Carolina,Union,40,38,44,44,44,43,44,45,31,42,2022,41
North Carolina,Wake,44,44,47,45,46,44,44,46,38,42,2022,42
North Carolina,Yancey,47,46,44,45,46,44,44,45,44,44,2022,44
North Dakota,Billings,35,37,36,35,34,37,38,33,34,36,2022,37
North Dakota,Burke,35,35,34,35,32,35,34,32,33,36,2022,37
North Dakota,Burleigh,37,36,34,34,30,35,37,31,33,35,2022,32
North Dakota,Cass,39,37,34,38,34,38,35,33,34,37,2022,36
North Dakota,Dunn,36,34,35,36,34,35,34,34,33,37,2022,36
North Dakota,McKenzie,37,37,36,35,33,35,37,34,33,34,2022,34
North Dakota,Mercer,37,36,35,34,31,34,35,35,33,35,2022,34
North Dakota,Oliver,36,37,35,35,32,37,36,34,35,38,2022,38
Ohio,Allen,39,36,37,34,34,37,39,41,36,39,2022,38
Ohio,Ashtabula,44,39,41,41,41,39,39,39,37,38,2022,38
Ohio,Athens,34,33,29,28,27,26,28,25,24,20,2022,20
Ohio,Butler,46,41,42,41,42,41,41,43,38,49,2022,45
Ohio,Clark,50,46,44,44,42,41,44,45,40,43,2022,41
Ohio,Clermont,47,45,49,44,44,42,40,40,35,38,2022,39
Ohio,Clinton,49,41,44,41,44,42,41,43,39,39,2022,40
Ohio,Columbiana,19,17,16,18,15,14,12,12,10,16,2022,12
Ohio,Cuyahoga,61,52,46,44,46,44,45,50,46,51,2022,45
Ohio,Delaware,46,41,41,39,41,38,39,41,38,38,2022,37
Ohio,Fayette,38,35,37,37,37,35,35,38,35,36,2022,35
Ohio,Franklin,49,45,47,44,42,41,43,46,40,43,2022,42
Ohio,Geauga,47,39,41,44,44,43,42,42,41,41,2022,40
Ohio,Greene,47,44,45,42,40,40,41,41,39,39,2022,40
Ohio,Hamilton,56,55,56,50,49,50,51,52,48,49,2022,47
Ohio,Jefferson,53,46,51,52,50,50,48,45,37,47,2022,45
Ohio,Knox,45,40,41,40,41,38,40,41,38,38,2022,39
Ohio,Lake,46,43,42,43,39,38,38,37,37,38,2022,38
Ohio,Lawrence,46,44,42,41,39,36,36,39,36,39,2022,38
Ohio,Licking,47,41,41,42,43,39,40,41,37,38,2022,39
Ohio,Lorain,40,35,35,34,34,36,37,38,35,37,2022,35
Ohio,Lucas,47,43,44,41,40,41,42,40,38,40,2022,39
Ohio,Madison,47,42,43,42,43,41,41,42,39,39,2022,39
Ohio,Mahoning,45,44,42,42,35,36,36,39,38,40,2022,40
Ohio,Medina,45,39,40,46,40,40,38,38,35,39,2022,38
Ohio,Miami,47,42,41,42,43,40,40,40,39,40,2022,39
Ohio,Montgomery,50,47,45,43,41,40,43,45,44,45,2022,41
Ohio,Noble,40,37,38,37,38,38,34,37,36,36,2022,37
Ohio,Portage,42,30,36,36,37,39,38,37,39,39,2022,40
Ohio,Preble,48,45,43,40,40,39,42,43,38,40,2022,40
Ohio,Scioto,20,19,19,16,15,13,13,13,14,15,2022,17
Ohio,Stark,52,45,41,40,40,44,45,46,42,44,2022,43
Ohio,Summit,50,31,32,52,43,39,41,42,39,40,2022,40
Ohio,Trumbull,45,41,45,40,39,41,39,40,37,39,2022,39
Ohio,Warren,53,55,52,42,44,44,43,43,39,40,2022,40
Ohio,Washington,47,41,42,40,40,41,39,41,38,39,2022,39
Ohio,Wood,44,39,39,41,41,38,38,38,34,39,2022,38
Oklahoma,Adair,47,48,42,40,39,41,38,37,33,37,2022,41
Oklahoma,Canadian,40,38,37,37,36,38,36,37,36,37,2022,43
Oklahoma,Cleveland,51,45,44,41,40,43,45,45,43,46,2022,44
Oklahoma,Comanche,47,44,44,40,40,40,40,43,40,42,2022,44
Oklahoma,Creek,42,39,37,36,39,39,36,36,35,37,2022,43
Oklahoma,Dewey,44,43,43,40,40,41,40,42,39,40,2022,43
Oklahoma,Kay,50,46,50,43,43,45,41,40,42,40,2022,32
Oklahoma,Mayes,44,40,37,38,38,38,37,35,34,37,2022,39
Oklahoma,Oklahoma,50,46,45,42,43,46,45,46,45,48,2022,47
Oklahoma,Ottawa,45,39,42,40,40,43,44,38,37,54,2022,45
Oklahoma,Pittsburg,50,45,42,38,40,40,40,43,39,43,2022,42
Oklahoma,Sequoyah,41,38,36,35,37,36,35,36,33,36,2022,38
Oklahoma,Tulsa,53,49,45,45,45,48,50,44,42,45,2022,47
Oregon,Baker,25,33,23,23,21,23,24,23,25,22,2022,24
Oregon,Benton,16,17,16,16,15,15,16,17,18,17,2022,15
Oregon,Clackamas,31,31,32,32,29,32,33,30,30,28,2022,30
Oregon,Columbia,25,27,25,30,23,26,24,24,25,26,2022,27
Oregon,Crook,25,35,23,24,20,26,25,23,21,21,2022,18
Oregon,Deschutes,35,34,32,33,22,20,20,20,18,19,2022,18
Oregon,Douglas,19,30,20,19,17,22,22,24,22,22,2022,42
Oregon,Grant,30,41,32,32,22,32,34,30,33,38,2022,35
Oregon,Harney,29,33,28,26,18,33,29,33,32,36,2022,30
Oregon,Jackson,44,48,41,43,35,41,42,36,40,42,2022,39
Oregon,Josephine,23,37,23,28,28,31,35,26,26,27,2022,29
Oregon,Klamath,30,38,32,32,30,30,37,29,41,45,2022,29
Oregon,Lake,24,32,22,21,18,22,26,19,23,21,2022,19
Oregon,Lane,38,40,40,40,34,39,36,38,40,38,2022,38
Oregon,Linn,23,23,25,23,19,24,27,28,27,25,2022,25
Oregon,Marion,29,33,31,33,30,30,32,32,32,33,2022,33
Oregon,Multnomah,35,34,33,35,31,34,34,34,33,33,2022,34
Oregon,Umatilla,39,40,33,38,31,40,32,37,35,35,2022,37
Oregon,Union,26,33,26,29,18,23,24,20,20,20,2022,21
Oregon,Wallowa,19,28,17,19,18,20,21,22,20,20,2022,20
Oregon,Wasco,20,26,18,20,32,35,30,23,18,17,2022,12
Oregon,Washington,32,33,32,36,31,34,31,32,31,32,2022,32
Pennsylvania,Adams,46,44,42,44,42,41,40,42,40,42,2022,41
Pennsylvania,Allegheny,56,52,52,53,51,53,53,54,47,51,2022,49
Pennsylvania,Armstrong,43,46,46,46,46,44,38,37,39,42,2022,41
Pennsylvania,Beaver,52,46,46,46,45,47,45,45,42,44,2022,44
Pennsylvania,Berks,52,48,46,47,46,44,40,42,40,42,2022,41
Pennsylvania,Blair,46,46,45,44,40,42,38,41,38,38,2022,39
Pennsylvania,Bucks,48,45,48,46,34,34,33,35,33,37,2022,41
Pennsylvania,Cambria,47,46,45,47,43,48,38,39,38,42,2022,43
Pennsylvania,Centre,48,42,43,42,40,45,40,44,38,39,2022,40
Pennsylvania,Chester,46,46,45,48,45,45,38,43,39,39,2022,37
Pennsylvania,Clearfield,35,36,32,38,38,36,33,33,31,33,2022,35
Pennsylvania,Cumberland,45,44,44,45,39,32,36,38,33,35,2022,33
Pennsylvania,Dauphin,49,48,47,50,42,42,39,41,40,42,2022,42
Pennsylvania,Delaware,50,48,50,48,48,44,49,44,43,42,2022,39
Pennsylvania,Elk,37,36,36,36,37,35,34,35,34,34,2022,35
Pennsylvania,Erie,47,48,45,40,39,38,38,36,34,35,2022,34
Pennsylvania,Franklin,40,40,38,34,33,33,32,36,32,35,2022,39
Pennsylvania,Greene,42,38,39,37,37,38,36,35,36,37,2022,38
Pennsylvania,Indiana,38,36,38,37,38,38,35,38,36,39,2022,38
Pennsylvania,Lackawanna,41,42,43,43,41,40,36,37,38,36,2022,38
Pennsylvania,Lancaster,55,47,56,50,50,48,44,45,43,50,2022,54
Pennsylvania,Lawrence,34,34,35,33,33,34,32,31,31,31,2022,37
Pennsylvania,Lebanon,51,45,48,46,50,51,39,42,30,41,2022,38
Pennsylvania,Lehigh,34,35,35,34,44,38,38,38,37,39,2022,38
Pennsylvania,Luzerne,33,33,34,34,34,33,32,34,31,34,2022,37
Pennsylvania,Lycoming,33,34,35,34,34,33,31,35,37,38,2022,38
Pennsylvania,Mercer,51,45,48,45,42,49,40,41,38,37,2022,38
Pennsylvania,Monroe,39,40,40,39,40,38,35,34,33,35,2022,39
Pennsylvania,Montgomery,44,42,42,42,34,40,37,35,38,41,2022,40
Pennsylvania,Northampton,52,48,46,50,48,50,41,40,38,40,2022,42
Pennsylvania,Philadelphia,55,52,54,51,49,50,46,44,41,47,2022,46
Pennsylvania,Somerset,36,35,36,34,36,36,33,36,34,34,2022,34
Pennsylvania,Tioga,36,36,36,40,39,43,35,36,37,36,2022,37
Pennsylvania,Washington,52,49,54,50,48,47,45,44,41,42,2022,44
Pennsylvania,Westmoreland,49,48,44,44,45,46,36,38,35,35,2022,35
Pennsylvania,York,52,47,46,48,44,43,40,41,40,43,2022,42
Puerto Rico,Bayamon,15,9,10,18,22,54,50,18,19,10,2022,14
Puerto Rico,Catano,35,19,17,19,22,27,35,34,26,40,2022,28
Puerto Rico,Fajardo,20,19,19,22,22,28,19,22,20,22,2022,19
Puerto Rico,Guaynabo,28,28,25,25,14,11,10,20,24,26,2022,22
Puerto Rico,Ponce,22,26,20,23,23,28,50,35,22,27,2022,16
Rhode Island,Kent,35,36,34,37,33,30,32,32,31,31,2022,31
Rhode Island,Providence,43,44,42,44,42,40,42,43,40,40,2022,38
Rhode Island,Washington,39,38,35,38,36,33,31,36,32,34,2022,34
South Carolina,Aiken,36,37,40,38,40,38,42,37,32,36,2022,37
South Carolina,Anderson,41,34,38,38,41,37,35,42,35,38,2022,39
South Carolina,Berkeley,35,32,34,33,34,33,33,31,31,34,2022,36
South Carolina,Charleston,43,37,39,35,37,39,33,33,35,40,2022,39
South Carolina,Chesterfield,39,41,43,40,38,38,31,31,34,36,2022,36
South Carolina,Darlington,39,36,41,40,39,39,40,38,32,35,2022,36
South Carolina,Edgefield,39,31,36,34,40,39,34,35,33,35,2022,38
South Carolina,Florence,37,41,45,37,31,29,29,30,28,30,2022,33
South Carolina,Greenville,44,41,42,44,44,43,36,37,39,45,2022,43
South Carolina,Lexington,41,35,38,35,35,33,32,33,29,35,2022,29
South Carolina,Richland,43,41,45,40,44,41,35,34,35,38,2022,39
South Carolina,Spartanburg,45,41,42,42,44,43,38,37,40,41,2022,43
South Carolina,York,41,38,33,33,39,38,36,42,35,40,2022,39
South Dakota,Brookings,38,38,35,36,34,34,36,42,38,38,2022,35
South Dakota,Brown,28,26,23,24,20,23,24,20,23,22,2022,20
South Dakota,Codington,42,36,20,27,24,31,31,25,36,37,2022,37
South Dakota,Custer,43,40,39,39,39,42,41,39,41,39,2022,41
South Dakota,Jackson,36,36,39,38,37,41,41,38,39,33,2022,39
South Dakota,Meade,41,39,36,38,35,30,29,36,38,38,2022,39
South Dakota,Minnehaha,44,43,39,38,38,35,37,36,35,36,2022,37
South Dakota,Pennington,32,37,32,40,30,30,30,30,31,33,2022,33
Tennessee,Anderson,44,38,38,39,43,40,40,44,35,38,2022,39
Tennessee,Blount,44,42,41,40,43,44,41,42,38,41,2022,42
Tennessee,Claiborne,37,36,35,35,38,36,34,35,32,34,2022,34
Tennessee,Davidson,46,45,47,45,44,44,43,45,41,44,2022,43
Tennessee,DeKalb,39,36,35,35,37,36,33,37,33,35,2022,35
Tennessee,Hamilton,48,43,43,41,45,44,43,45,40,42,2022,43
Tennessee,Jefferson,46,43,44,44,47,43,42,44,37,41,2022,41
Tennessee,Knox,45,44,45,43,46,40,43,42,38,44,2022,41
Tennessee,Lawrence,36,33,32,30,26,25,27,27,20,26,2022,20
Tennessee,Loudon,44,41,40,40,45,37,34,37,34,38,2022,34
Tennessee,McMinn,14,35,39,32,32,33,29,30,28,28,2022,30
Tennessee,Montgomery,40,35,35,33,31,30,30,26,26,25,2022,27
Tennessee,Roane,53,53,43,39,31,30,27,28,26,28,2022,27
Tennessee,Sevier,46,44,44,43,44,44,43,44,40,42,2022,42
Tennessee,Shelby,48,44,44,42,42,42,40,44,44,42,2022,42
Tennessee,Sullivan,38,39,37,38,41,42,39,41,34,36,2022,36
Tennessee,Sumner,48,43,42,40,42,41,38,40,37,38,2022,38
Tennessee,Williamson,44,37,38,36,40,40,39,42,37,39,2022,41
Tennessee,Wilson,44,39,39,38,41,39,38,40,33,37,2022,39
Texas,Bell,40,40,39,36,38,40,36,42,40,42,2022,43
Texas,Bexar,47,47,48,46,43,43,43,49,49,48,2022,49
Texas,Bowie,45,38,39,38,36,37,35,39,36,40,2022,41
Texas,Brazoria,34,34,32,33,36,37,31,33,33,34,2022,35
Texas,Brewster,44,43,40,41,39,41,39,40,40,41,2022,41
Texas,Cameron,43,42,43,42,40,38,41,44,43,43,2022,42
Texas,Collin,42,40,37,36,37,39,37,40,37,37,2022,40
Texas,Culberson,20,21,20,15,15,17,23,34,45,43,2022,32
Texas,Dallas,52,52,47,44,43,44,44,45,42,42,2022,45
Texas,Denton,44,45,42,43,40,43,40,43,40,43,2022,44
Texas,Ector,37,30,33,30,27,26,30,28,27,26,2022,28
Texas,El Paso,58,53,50,50,49,51,55,53,55,54,2022,54
Texas,Ellis,44,44,43,40,40,43,38,40,39,39,2022,37
Texas,Galveston,39,38,39,39,42,38,33,39,40,39,2022,40
Texas,Gregg,36,35,33,33,36,35,32,35,31,33,2022,35
Texas,Harris,54,52,53,53,49,48,51,51,50,54,2022,55
Texas,Harrison,44,41,38,37,37,39,35,38,35,39,2022,43
Texas,Hidalgo,42,38,39,39,36,38,41,42,37,44,2022,41
Texas,Hood,39,37,36,34,35,36,33,35,33,35,2022,38
Texas,Hunt,38,38,35,33,35,35,32,35,32,33,2022,36
Texas,Jefferson,45,45,44,42,41,41,44,43,40,39,2022,43
Texas,Johnson,38,37,36,35,40,41,35,38,34,37,2022,41
Texas,Kaufman,44,42,40,37,37,39,35,39,37,36,2022,42
Texas,Kleberg,35,31,32,33,28,33,35,30,35,36,2022,35
Texas,Maverick,33,29,36,33,27,29,28,25,27,28,2022,27
Texas,McLennan,39,41,41,38,35,38,35,38,38,37,2022,41
Texas,Montgomery,42,43,43,42,43,41,40,38,40,41,2022,44
Texas,Navarro,41,42,41,39,39,41,38,39,37,39,2022,42
Texas,Nueces,42,42,42,41,37,39,38,42,40,42,2022,41
Texas,Orange,39,40,38,37,35,37,42,38,39,35,2022,38
Texas,Parker,40,38,37,37,37,37,35,37,35,36,2022,40
Texas,Polk,37,35,32,31,32,31,31,31,31,30,2022,32
Texas,Potter,27,22,23,22,21,21,23,19,20,23,2022,23
Texas,Randall,45,43,41,42,41,43,43,41,42,42,2022,44
Texas,Rockwall,39,39,36,36,35,35,31,34,32,31,2022,34
Texas,Smith,40,38,34,33,37,37,33,36,33,35,2022,40
Texas,Tarrant,50,48,44,43,43,44,45,44,45,46,2022,48
Texas,Travis,44,44,44,44,42,43,44,44,44,43,2022,44
Texas,Victoria,31,31,30,32,33,33,28,31,31,32,2022,30
Texas,Webb,42,40,43,39,37,41,39,41,41,39,2022,35
Utah,Box Elder,46,47,44,45,39,45,46,40,40,42,2022,35
Utah,Cache,47,49,42,40,44,45,46,44,44,44,2022,44
Utah,Carbon,45,44,44,46,44,45,46,46,43,44,2022,42
Utah,Davis,39,41,44,38,44,48,45,44,44,44,2022,44
Utah,Duchesne,48,51,45,44,45,45,46,48,45,47,2022,47
Utah,Garfield,42,40,42,42,8,44,44,41,42,45,2022,44
Utah,Salt Lake,51,50,48,51,50,58,61,51,50,52,2022,50
Utah,San Juan,46,44,44,43,44,44,44,44,43,44,2022,44
Utah,Tooele,40,44,33,29,43,45,45,43,42,40,2022,43
Utah,Uintah,51,58,48,46,47,49,50,49,45,48,2022,46
Utah,Utah,50,50,45,46,47,50,46,46,45,46,2022,45
Utah,Washington,45,44,44,43,43,44,44,44,44,45,2022,44
Utah,Wayne,11,9,8,8,8,8,10,9,8,8,2022,9
Utah,Weber,50,52,46,46,47,49,48,42,44,44,2022,45
Vermont,Bennington,35,36,36,37,36,35,35,35,35,34,2022,35
Vermont,Chittenden,36,39,37,36,35,35,38,37,36,37,2022,38
Vermont,Rutland,37,34,30,30,35,36,37,36,37,35,2022,35
Vermont,Windham,12,12,13,13,10,11,9,8,9,8,2022,8
Virgin Islands,St Croix,14,23,46,51,33,19,22,20,19,21,2022,22
Virgin Islands,St John,20,24,22,24,21,20,24,15,16,16,2022,15
Virginia,Albemarle,38,36,35,36,36,37,36,40,35,37,2022,38
Virginia,Arlington,37,37,38,38,36,37,35,38,33,37,2022,36
Virginia,Bristol City,35,33,35,30,30,28,27,26,24,27,2022,24
Virginia,Caroline,43,37,42,40,36,39,36,39,34,35,2022,36
Virginia,Carroll,9,9,9,10,11,8,9,9,7,9,2022,7
Virginia,Charles,35,31,35,32,31,33,31,34,31,33,2022,32
Virginia,Chesterfield,41,37,39,39,38,38,34,39,32,36,2022,37
Virginia,Fairfax,43,39,41,40,39,42,42,44,38,41,2022,40
Virginia,Fauquier,38,33,36,36,35,36,32,37,31,34,2022,34
Virginia,Frederick,43,39,39,39,37,38,35,38,35,38,2022,37
Virginia,Giles,41,38,39,39,39,40,37,40,36,38,2022,38
Virginia,Hampton City,39,35,38,37,33,38,36,39,34,38,2022,38
Virginia,Hanover,43,39,42,40,39,39,40,41,34,38,2022,39
Virginia,Henrico,42,39,40,39,38,39,36,37,36,40,2022,40
Virginia,Hopewell City,13,12,10,10,11,10,10,8,6,7,2022,7
Virginia,Loudoun,36,34,38,36,34,37,34,37,33,36,2022,36
Virginia,Lynchburg City,30,28,30,30,28,26,26,26,21,24,2022,22
Virginia,Madison,44,41,42,43,41,40,38,41,37,39,2022,40
Virginia,Norfolk City,21,20,20,20,18,18,16,18,17,18,2022,17
Virginia,Prince Edward,36,34,35,34,33,36,31,35,30,33,2022,34
Virginia,Prince William,31,29,30,30,31,34,32,36,32,35,2022,35
Virginia,Richmond City,20,25,20,39,33,29,33,33,29,33,2022,33
Virginia,Roanoke,33,36,39,38,36,38,37,37,35,39,2022,38
Virginia,Rockbridge,37,34,35,37,33,37,31,38,30,34,2022,32
Virginia,Rockingham,36,34,36,36,32,36,32,36,32,34,2022,34
Virginia,Salem City,35,35,33,32,30,28,26,26,23,26,2022,25
Virginia,Stafford,44,39,41,40,39,38,35,39,32,35,2022,35
Virginia,Suffolk City,43,38,40,40,37,40,39,41,36,37,2022,38
Virginia,Virginia Beach City,31,28,29,30,25,25,25,25,23,26,2022,25
Virginia,Wythe,44,39,40,38,41,40,40,41,34,39,2022,39
Washington,Adams,16,15,15,20,14,13,13,13,13,14,2022,14
Washington,Asotin,30,31,25,27,27,30,27,27,29,36,2022,34
Washington,Benton,23,23,20,30,31,35,34,37,33,35,2022,36
Washington,Chelan,31,27,25,25,22,28,27,24,21,23,2022,25
Washington,Clallam,38,35,38,38,37,38,38,34,33,34,2022,35
Washington,Clark,32,33,32,33,28,32,31,31,27,30,2022,32
Washington,Columbia,18,21,16,14,15,21,17,17,18,37,2022,36
Washington,Cowlitz,20,22,21,20,18,19,20,18,16,15,2022,16
Washington,Franklin,19,23,19,20,14,20,17,16,14,16,2022,18
Washington,Grant,22,24,20,23,18,21,20,18,16,19,2022,23
Washington,Grays Harbor,20,21,20,22,21,20,22,20,20,20,2022,16
Washington,Jefferson,18,21,20,20,18,18,19,19,18,15,2022,16
Washington,King,39,46,41,45,39,41,40,40,36,37,2022,38
Washington,Kitsap,19,17,17,18,16,15,12,18,18,20,2022,21
Washington,Kittitas,21,18,15,21,19,29,19,23,18,21,2022,21
Washington,Klickitat,18,14,16,16,15,16,20,20,17,16,2022,14
Washington,Lewis,21,23,23,23,19,19,21,20,19,18,2022,19
Washington,Mason,25,25,20,22,20,19,21,21,18,17,2022,17
Washington,Okanogan,35,35,33,41,29,41,40,31,35,44,2022,39
Washington,Pierce,40,43,40,41,40,43,42,41,40,40,2022,43
Washington,Skagit,29,32,32,35,32,32,29,24,16,23,2022,29
Washington,Snohomish,28,29,29,28,24,25,25,30,30,26,2022,30
Washington,Spokane,41,42,37,42,37,39,38,37,33,40,2022,38
Washington,Stevens,33,32,30,28,26,35,35,28,32,35,2022,34
Washington,Thurston,31,32,29,31,27,30,26,30,25,15,2022,24
Washington,Walla Walla,18,21,17,19,18,18,20,21,22,23,2022,20
Washington,Whatcom,22,28,31,30,25,28,27,26,21,27,2022,31
Washington,Whitman,19,23,19,20,17,18,17,18,15,16,2022,18
Washington,Yakima,36,40,30,36,33,36,40,38,35,40,2022,38
West Virginia,Berkeley,44,41,42,44,40,39,37,40,36,38,2022,37
West Virginia,Brooke,19,16,16,17,18,18,18,19,17,20,2022,17
West Virginia,Cabell,44,39,39,42,39,39,37,39,36,36,2022,37
West Virginia,Gilmer,34,31,31,31,32,31,29,32,29,31,2022,37
West Virginia,Greenbrier,44,41,41,38,39,39,38,42,34,37,2022,34
West Virginia,Hancock,38,34,34,33,34,36,32,40,36,36,2022,33
West Virginia,Harrison,38,34,33,35,31,30,27,31,26,26,2022,25
West Virginia,Kanawha,42,36,35,33,37,41,39,40,37,38,2022,37
West Virginia,Marion,40,37,38,37,33,31,28,31,26,30,2022,27
West Virginia,Marshall,51,44,44,39,36,46,41,34,31,43,2022,40
West Virginia,Monongalia,43,39,40,41,36,38,37,40,37,38,2022,36
West Virginia,Ohio,47,41,42,43,43,41,39,41,38,38,2022,35
West Virginia,Tucker,38,36,36,36,36,36,34,35,33,34,2022,35
West Virginia,Wood,44,41,40,42,42,39,36,39,35,36,2022,37
Wisconsin,Ashland,32,33,32,33,32,33,35,34,32,35,2022,34
Wisconsin,Brown,40,38,39,38,33,35,39,35,35,38,2022,35
Wisconsin,Columbia,43,41,40,40,38,39,39,37,38,40,2022,38
Wisconsin,Dane,45,43,41,40,38,39,41,38,39,42,2022,38
Wisconsin,Dodge,44,43,40,38,36,37,41,40,38,41,2022,38
Wisconsin,Door,38,38,37,39,36,37,40,35,36,39,2022,36
Wisconsin,Eau Claire,41,38,35,33,35,37,41,34,37,39,2022,36
Wisconsin,Fond du Lac,42,39,40,40,38,37,39,36,36,39,2022,36
Wisconsin,Forest,35,36,35,34,34,35,36,35,35,37,2022,36
Wisconsin,Grant,32,32,30,29,29,25,31,29,30,35,2022,30
Wisconsin,Jefferson,44,41,42,40,40,39,39,37,38,40,2022,38
Wisconsin,Kenosha,44,44,44,41,39,40,42,40,40,42,2022,40
Wisconsin,Kewaunee,41,41,39,40,37,39,42,36,34,40,2022,39
Wisconsin,La Crosse,42,42,37,37,32,37,39,35,37,37,2022,35
Wisconsin,Manitowoc,39,41,38,38,37,38,40,36,36,39,2022,38
Wisconsin,Marathon,41,39,38,36,35,36,39,34,31,36,2022,35
Wisconsin,Milwaukee,45,45,44,41,40,40,43,42,40,45,2022,43
Wisconsin,Outagamie,43,41,41,38,33,36,40,36,36,38,2022,38
Wisconsin,Ozaukee,41,38,37,36,35,36,40,37,35,38,2022,38
Wisconsin,Rock,45,42,40,41,39,40,39,38,38,41,2022,39
Wisconsin,Sauk,41,38,36,36,32,36,39,35,36,38,2022,36
Wisconsin,Sheboygan,42,43,41,40,39,41,43,38,39,41,2022,40
Wisconsin,Taylor,37,39,36,34,34,34,38,35,35,36,2022,35
Wisconsin,Vilas,36,36,35,33,32,32,34,29,30,31,2022,30
Wisconsin,Walworth,44,39,40,40,38,39,40,37,39,41,2022,39
Wisconsin,Waukesha,50,38,41,40,38,39,41,40,39,43,2022,40
Wyoming,Albany,51,47,46,45,46,48,48,47,46,49,2022,48
Wyoming,Big Horn,36,40,40,39,38,36,39,36,38,39,2022,38
Wyoming,Campbell,57,47,44,44,43,44,42,40,44,44,2022,48
Wyoming,Carbon,43,38,42,42,42,43,42,43,8,10,2022,9
Wyoming,Converse,28,42,42,43,41,42,40,41,42,42,2022,40
Wyoming,Fremont,47,45,44,45,44,47,46,45,45,45,2022,45
Wyoming,Laramie,45,43,44,42,43,44,43,43,39,43,2022,42
Wyoming,Lincoln,19,19,14,13,13,14,16,12,15,30,2022,43
Wyoming,Natrona,30,42,41,41,41,44,42,42,41,42,2022,42
Wyoming,Park,17,15,12,15,12,14,31,38,11,11,2022,15
Wyoming,Platte,17,14,17,14,16,15,15,14,19,16,2022,17
Wyoming,Sheridan,21,39,38,38,38,42,45,39,39,39,2022,42
Wyoming,Sublette,48,46,45,44,44,48,47,46,44,46,2022,44
Wyoming,Sweetwater,47,45,46,44,44,46,48,46,46,45,2022,44
Wyoming,Teton,44,44,42,42,41,44,44,43,42,44,2022,42
Wyoming,Uinta,44,44,42,41,42,44,44,44,40,7,2022,7
Wyoming,Weston,37,44,41,40,41,41,42,40,40,41,2022,40
